Domain,DateScanned
01-imblager.ru,2025-02-11
02-verfahren.info,2025-02-07
046.free.hr,2024-11-15
0fficeseccurrrrelogon.westernequipnnentsolutions.com,2025-02-10
0ntlc.com,2025-01-04
3p-geo.ol.advanceplastics-ke.com,2024-12-14
3p-udc.ol.advanceplastics-ke.com,2024-12-14
44northvodlka.com,2025-02-11
7z4hkg00yf1m26xjxv4gnd78vip.click,2025-02-08
acceelectrics.com,2025-01-09
accountingaidsociety.es,2025-01-14
accountingdepartmentts.com,2025-01-28
accounts.malleidosjshj.store,2025-02-26
acspservices.com,2025-02-07
actorageascet.es,2025-01-28
adfs.billtruts.com,2025-02-02
adpsecuremessagedeliveryx.sbs,2024-12-13
adsf.billtruts.com,2025-02-03
africanagrirnarket.com,2024-12-20
ai-documail.com,2025-01-08
aj1432.online,2025-02-14
aj1716.online,2025-02-14
alliedhealthcaresolution.com,2024-12-15
allnegers.net,2025-01-28
allorganichome.com,2024-12-03
allorganicitems.com,2024-12-11
allorginichomes.xyz,2024-12-12
aluxfirm.com,2025-01-17
amokomowofirm.org,2025-02-10
analyze10-prt.raceamir.net,2025-01-30
andriessen-beheer-abcoude-bv.creativeshare.it.com,2025-02-28
apnacrew.com,2025-02-14
app.kit.com,2025-02-24
apppowerappsportals.top,2024-12-03
aptaclub-macedonia.su,2025-02-12
audeintisllc.com,2025-02-13
ausbildungskompass.7z4hkg00yf1m26xjxv4gnd78vip.click,2025-02-11
auth-web.es,2025-02-03
authorization-required-quaterdeposit-verify-confirmation.scandataactivities.es,2024-12-24
autsh.ismre-jup-ag.com,2025-03-02
auxin.co.in,2024-10-11
avpnewspunjab.com,2025-02-28
aweitapp.com,2024-12-24
baptihealth.com,2024-12-13
bcxrlxvpwq.raceamir.net,2025-01-30
beamerbidserviceapp.net,2025-02-06
belvedereh.vip,2025-02-07
bethelwells.org,2025-01-21
bhlergroup.com,2024-12-19
billtruts.com,2025-02-03
bjmjdregdi.cmost-krd.ru,2025-01-28
black-friday-sale-uk.digidip.net,2025-02-14
buydentalbright.com,2025-02-17
bzconsultantsgroup.com,2025-01-10
capitalflredoors.co.uk,2025-02-21
captcha.concretesys.com,2025-02-11
carpetcleaningmanitoba.ca,2024-11-27
casamonikamexico.com,2025-01-17
cchosting.co.za,2024-12-08
ccps-ie.com,2024-12-11
chadochki.ru,2025-02-18
childplus.mwcgroups.com,2025-02-14
classicwestchester.washing-docusentro.org,2025-01-22
claytoncontsruction.net,2024-11-28
cleeatirishsl.com,2025-01-28
clevelandgaer.com,2025-02-03
click.convertkit-mail2.com,2025-02-13
clinewilliams.mwcgroups.com,2025-02-09
cloud.malleidosjshj.store,2025-02-26
cloud365swiftmaildocs.com,2025-02-24
cmost-krd.ru,2025-01-21
cnphys.com,2024-12-09
co-rnodality.com,2025-01-28
colormybible.com,2025-01-24
concretesys.com,2025-02-11
console.hivedispenser.com,2025-02-15
constructieve.topseotraineez.com,2025-02-24
continentalmov.com,2025-01-21
cotceur.com,2025-01-16
coysem.com,2024-11-25
cpcalendars.emea-nec.com,2024-12-20
cpr1-llc.promemberaccois.com,2025-02-04
d1bl223u5bmobf.cloudfront.net,2024-12-20
dash.amcrop.co,2025-02-14
dash.isbellconstructionsltd.com,2025-02-12
delloman.sabkimya.co,2025-02-03
dentalplus.ro,2024-12-09
dentroquartzsec.org,2025-01-13
desirenetwork.in,2024-11-12
diverslfied-metals.ca,2025-02-20
djimzecehg.cmost-krd.ru,2025-02-10
dninstall.com,2025-01-22
docsafybeifur2mabbggrihscauthenticnotes.online,2024-11-18
docsend.com,2025-02-13
docservercredent1al.com,2025-02-06
docstrodocumen.org,2024-12-20
docuinshare.top,2024-12-03
documentreview.wslserwices.com,2025-01-30
docusign2983930390309.puretimez.com,2025-02-19
dods.ismre-jup-ag.com,2025-03-02
dolh6growth.online,2024-12-14
downloadingsoft.top,2025-02-13
drgoelsdmd.com,2024-10-14
drop-project.top,2024-12-03
dun.concretesys.com,2025-02-11
edineicarrera.com.br,2025-01-10
edtekno.com,2025-01-22
emailsay.com,2024-12-02
emea-nec.com,2024-12-20
emotransinc.com,2025-02-03
enterpriseproductss.com,2025-01-23
entreprise-nouvelle.com,2025-02-24
equipment-corps-inc.mwcgroups.com,2025-02-09
erhakalip.com,2024-11-12
erqsadas.com,2025-02-20
estrechar.ru.com,2024-10-21
eto1908.org,2024-11-18
exmail.concretesys.com,2025-02-11
fairviewconstructionsllc.com,2025-02-09
fenstrodocs.org,2025-01-26
files42.com,2024-12-17
firebasestorage.googleapis.com,2025-02-11
flctiv.com,2025-01-29
florenceorganics.us,2024-11-12
forcainvicta.com.br,2024-12-24
funnelflex.co,2024-12-23
gehwha.com,2025-02-07
ggyyuhuuujuujujjjj.flexsjets.com,2025-02-28
gillitrustsurvey.com,2025-01-10
glamorouslengths.ru,2025-01-15
glamorouslengths.su,2025-01-17
globalservicesqtr.com,2024-12-10
gregoryandsons.online,2025-02-20
greyscaleal.com,2024-12-30
gt.kiejjpu5.sa.com,2025-01-15
gtcdistribution.com,2025-02-20
guardiansresearch.org,2024-12-12
guidegourmet.ru,2025-01-28
health-proheritage.com,2025-01-14
hervw.suinmueble.com.co,2025-01-28
highnationservices.com,2024-12-10
historischeverenigingmarum.online,2024-12-24
hmdepartments.com,2025-01-16
homeoillnc.com,2025-02-03
honeydanielz.com,2025-01-30
hrmaintenances.com,2025-01-28
hsrcxeeae.mypi.co,2024-11-18
id.capital.bg,2025-02-13
imblager.ru,2025-02-25
imelecf.com,2024-12-03
imperialinsurance-mzs.com,2025-02-04
infodepartments.com,2025-01-20
intertrustsgroup.com,2024-12-18
investcopart.com,2025-02-08
itsmrdvv.com,2025-01-22
iziloyer.com,2024-11-13
jerfm.com,2024-12-26
jkhun.investcopart.com,2025-02-12
johannastafford.store,2025-02-05
jtdffsopg.com,2025-01-09
kagumigroup.id,2024-12-24
kbvvvfcvcdrddftrtyuyfg.top,2025-01-14
kemt.bike,2025-02-24
kondicionery-nedorogo.ru,2025-02-10
larsonconstr.com,2025-01-08
lasarglow.com,2025-01-15
leanstartupatelier.co,2024-11-27
lext.com.br,2024-12-04
login-mcrosoftonlidata-regulatoryupdate-3nw94ndqcodes-multitask.scandataactivities.es,2025-01-15
login-mcrosoftonlidata-regulatoryupdate-3nw94ndqcodes-multitask.xz1-na3sd0c4-f1l35h4r3.es,2025-01-15
login-on-online.ru,2025-01-21
login.concretesys.com,2025-02-11
login.elecnors.es,2025-01-20
login.ismre-jup-ag.com,2025-03-02
login.jtdffsopg.com,2025-01-12
login.nltto.com,2025-01-22
login.remhann.com,2025-01-15
login.riconengineering.com,2025-01-14
login.sapphirrecaregroup.com,2025-01-14
login.sxdtelundtytin.com,2025-02-06
logino365authz9hkof.mwcgroups.com,2025-02-09
loginoffice365commonauth00000365user1153196333.empreendendocomgrafica.com,2024-12-10
loginoffice365commonauth00000365user6867620079.empreendendocomgrafica.com,2024-12-10
lovencareurology.in,2024-10-16
m365-portal-us1vadesecure.ganjiong.net,2025-02-05
m365euvadesecure-auth-service-egnyte.ganjiong.net,2025-01-28
m9m.richmntalsco.com,2025-02-10
mail.ol.advanceplastics-ke.com,2024-12-13
main.davesgeekyideaz.com,2025-02-10
marineschools.org,2025-01-23
mastergolfscarts.com,2025-01-21
matcocomponent.com,2024-12-09
may-april.com,2024-12-18
mcgillincl.wanshoufu.com,2025-02-18
megamountains.com,2025-02-10
meliorahospital.com,2024-10-30
mercyuniversity.fenstrodocs.org,2025-01-24
metin2odisey.com,2024-10-16
microsoft-onedrive.raceamir.net,2025-01-30
microsoft-online-outlook-office365-authentication-o365-authing.accountant-me.com,2025-01-07
mikeandannez.com,2025-02-25
millwork-mistrodoc.org,2025-01-17
momamouisdf.com,2025-02-19
ms-consulting-dom.fr,2024-11-25
mscserv.com,2024-12-05
msfed.gardinerinc.com,2025-02-19
msfed.malleidosjshj.store,2025-02-26
mysilverfox.com.my,2024-12-12
narohealthvalue.com,2025-02-22
nashnights.com,2024-12-03
nencap.mwcgroups.com,2025-02-09
nesa-by-baker.gkgloballysumitican.com,2025-02-05
neurolgbsotipphly.com,2025-01-30
newtonone.newtonmedia.eu,2025-02-11
nextrate.cc,2024-12-22
nfllndustries.com,2025-01-16
noa.ol.advanceplastics-ke.com,2024-12-14
nuecescouq.us,2025-02-05
o.ismre-jup-ag.com,2025-03-02
o7t5dgbx-staging.dreamwp.com,2024-11-22
oempcworlds.org,2024-12-24
office-mobilemcrsftclientserv.ganjiong.net,2025-01-23
office.ismre-jup-ag.com,2025-03-02
office365.gardinerinc.com,2025-02-19
officesupsitesspeedsecurity.info,2025-02-08
oficinadelestudianteextracomunitario.org,2025-01-14
oflilmiotedhoustlss.online,2025-02-10
ohconnects.org,2025-01-13
ohqpylunag.raceamir.net,2025-02-02
ol.advanceplastics-ke.com,2024-12-14
omnirayoprah.cfd,2024-12-13
open.weixin.concretesys.com,2025-02-11
organichoicehome.com,2024-12-06
outk.ismre-jup-ag.com,2025-03-02
outsourcel.com.au,2024-12-18
paystubfolder.acctingreceivables.com,2025-02-19
pbs.ol.advanceplastics-ke.com,2024-12-13
phillipsearthmoving.com.au,2025-02-18
pipaltree.ngo,2024-11-21
podberi-kvartiru.ru,2025-02-02
pokrovsk-mebel.ru,2025-02-03
pokypkivinete.ru,2025-02-03
portalpowerfiles.top,2024-12-17
portalpowerstorages.top,2024-12-04
powa.co.zw,2024-12-19
ppandco.es,2025-01-14
precisionhighwey.com,2025-02-06
premiumlist.icu,2025-02-12
priderp.gradygritz.com,2025-02-25
printserve.co.ke,2024-11-15
profitminers.in,2024-10-16
progressives.us.com,2025-02-03
project.filmjournals.org,2025-01-28
protection-privacy-o365mailbox-notification.smartlinkhub-relaydata.es,2025-01-29
qualityfirstfinancial.com,2025-01-16
rautitan.ru,2025-02-18
reintergestna.org,2024-12-17
rejwtwwdw1.raceamir.net,2025-02-02
reliant-rehabs.com,2024-11-25
remhann.com,2025-01-15
requestmanager.ru,2025-01-04
residenzaechia.it,2024-11-13
review123.tuabsorbech.com,2025-02-07
review1ertre.rievionary.com,2025-02-03
rhumoconsultoria.com.br,2025-01-31
riconengineering.com,2025-01-13
rievionary.com,2025-02-03
ringcalldocxrecieved.com,2025-01-15
rmadistribute.com,2025-02-05
rockandrevenue.com,2024-11-26
rsclpulointotuin.pro,2025-01-15
ru6-rado-integral.ru,2025-01-13
rurrasqueamos.click,2024-12-20
sanjeevanifood.in,2024-11-07
santamariahotelentebbe.com,2024-12-06
saudigraphco.com,2025-01-16
saveurs-vendee.com,2025-01-20
scandataactivities.es,2025-01-14
sece.ismre-jup-ag.com,2025-03-02
secure-mainoffice.com,2025-01-08
secure.allorganichome.com,2025-02-20
secure.financialdocc.com,2025-01-29
secure.orietuste.com,2025-01-28
secure.ringcalldocxrecieved.com,2025-01-31
securedocs.offv2upgrade-associates.online,2025-02-19
securemessage-documentprotect.xz1-na3sd0c4-f1l35h4r3.es,2025-01-09
secureoi.chocquibtownz.com,2025-02-28
senangwasap.com,2024-12-24
server.concretehardeners.com,2025-02-17
service039.egymsts.com,2025-01-23
servstrodoc.org,2025-01-28
sgpropertyservicellc.com,2025-02-02
sharstrodedocument.org,2025-02-15
signed.audeintisllc.com,2025-02-18
signregyinc.com,2025-02-21
smusxat.dragadosoffishore.com,2025-02-12
snatched-beautybar.com,2024-12-17
snszoeins.com,2025-02-04
spl23101.com,2025-01-20
srv666964.hstgr.cloud,2025-01-17
sss.hs.vc,2025-02-24
stcathedronstaff.org,2025-02-10
stillmanconsulting.net,2024-12-26
storageorder.sbs,2024-12-04
sukrajclasses.com,2024-12-05
surajufirm.org,2025-02-14
sushisambadubai.mwcgroups.com,2025-02-06
sysarchirnc.com,2024-12-13
tb-salednanstrodocu.org,2025-01-17
te-auth-appinfociteline-egnyte.ganjiong.net,2025-02-07
te-auth-service-egnyte.ganjiong.net,2025-01-24
teapp-auth-service-egnyte.ganjiong.net,2025-01-30
telkonet.es,2025-01-15
texasmomsgetaway.com,2025-02-05
thebusiness-enchanting.broomshavc.ca,2025-02-10
thelighttech.org,2024-12-19
thewoodlandretreat.in,2024-10-29
thumenectrics.es,2024-11-22
tinyurl.com,2025-02-14
transitslandsurveying.com,2025-01-10
tut.telkonet.es,2025-01-14
tvsyndciate.com,2024-12-20
ubottles.com,2024-12-19
ubvdct5.mypi.co,2025-01-12
ulgroup.malleidosjshj.store,2025-02-26
unalkardesler.net,2024-11-17
urbanumbrella.org,2024-11-25
usfightingsystems.com,2024-12-20
vanityfalcon.com,2025-02-21
ventnorspecialeventsdocumentshareview.vetnordocstros.org,2025-02-05
verfiying-document.beepmeapps.org,2025-01-30
vetnordocstros.org,2025-02-09
vhg.ismre-jup-ag.com,2025-03-02
vlsbali.com,2024-12-17
voicemailauthorizationrequired.scandataactivities.es,2025-01-03
volunteermaterals.com,2025-01-08
vozdvizhenka-centre.ru,2025-01-10
vrcnys.tech,2025-01-03
vrt.miytrvcfre.com,2025-02-19
vyicz.investcopart.com,2025-02-13
walk.babajishivram.es,2025-01-09
webitww.com,2024-12-19
welcomehomeproject.org,2024-12-17
westdfwhomesforsale.com,2025-01-30
westernequipnnentsolutions.com,2025-02-10
windstreaim.com,2024-12-19
woltrluwer.com,2025-02-04
wordtex.com,2024-11-26
worthingtoncreyssensac.ru,2025-01-15
wslserwices.com,2025-01-30
wwgle.com,2024-12-24
www.allnegers.net,2025-01-28
www.cleeatirishsl.com,2025-01-28
www.envoice.in,2025-02-19
www.fabribat.com,2024-11-18
www.northernaid.org,2024-10-16
www.pay.rqf-quotesrequest.com,2025-01-06
www.solacua.com,2025-02-14
wx.concretesys.com,2025-02-11
xz1-na3sd0c4-f1l35h4r3.es,2025-01-14
yaharaho.com,2024-10-30
yogatrapezepoint.com,2024-12-12
yugaljeeautomotive.com,2024-12-30
yushengusa.com,2025-01-22
ztmrmhiqjq.raceamir.net,2025-01-30
